,Unnamed: 0,url_inmueble,titulo,tipo,precio,metros,Habitaciones,Baños,Antigüedad,Aire acondicionado,Calefaccion,Garaje,Planta,Conservación,Ascensor,Exterior,Trastero,Amueblado,barrio,distrito,localidad,provincia,direccion,postal_code,fecha_actualizacion,valores_energia,imagenes,pagina_numero,caract,caract_extra,descrip,descrip_keywords
0,0,https://www.pisos.com/comprar/piso-la_sagrada_familia08013-54234018547_100500/,"Piso en venta en Carrer de Mallorca, cerca de Carrer de Cartagena",Piso,415000.0,80.0,4.0,2.0,Más de 50 años,,,,2ª,,1,0,0,0,La Sagrada Família,Eixample,Barcelona,Barcelona,"venta en Carrer de Mallorca, cerca de Carrer de Cartagena",8013.0,12/09/2025,,"['https://fotos.imghs.net/fchm-wp/1005/414/1005_250247258414_4_2025061916060106466.jpg', 'https://fotos.imghs.net/fchm-wp/1005/414/1005_250247258414_5_2025061916060106466.jpg', 'https://fotos.imghs.net/fchm-wp/1005/414/1005_250247258414_6_2025061916060106468.jpg', 'https://fotos.imghs.net/fchm-wp/1005/414/1005_250247258414_7_2025061916060106469.jpg', 'https://fotos.imghs.net/fchm-wp/1005/414/1005_250247258414_8_2025061916060106469.jpg', 'https://fotos.imghs.net/fchm-wp/1005/414/1005_250247258414_9_2025061916060106470.jpg', 'https://fotos.imghs.net/fchm-wp/1005/414/1005_250247258414_10_2025061916060106471.jpg', 'https://fotos.imghs.net/fchm-wp/1005/414/1005_250247258414_11_2025061916060106472.jpg', 'https://fotos.imghs.net/fchm-wp/1005/414/1005_250247258414_12_2025061916060106473.jpg', 'https://fotos.imghs.net/fchm-wp/1005/414/1005_250247258414_13_2025061916060106474.jpg', 'https://fotos.imghs.net/fchm-wp/1005/414/1005_250247258414_14_2025061916060106475.jpg', 'https://fotos.imghs.net/fchm-wp/1005/414/1005_250247258414_15_2025061916060106476.jpg', 'https://fotos.imghs.net/fchm-wp/1005/414/1005_250247258414_16_2025061916060106477.jpg', 'https://fotos.imghs.net/fchm-wp/1005/414/1005_250247258414_17_2025061916060106478.jpg', 'https://fotos.imghs.net/fchm-wp/1005/414/1005_250247258414_18_2025061916060106479.jpg', 'https://fotos.imghs.net/fchm-wp/1005/414/1005_250247258414_19_2025061916060106479.jpg', 'https://fotos.imghs.net/fchm-wp/1005/414/1005_250247258414_20_2025061916060106480.jpg', 'https://fotos.imghs.net/fchm-wp/1005/414/1005_250247258414_21_2025061916060106481.jpg', 'https://fotos.imghs.net/fchm-wp/1005/414/1005_250247258414_22_2025061916060106482.jpg', 'https://fotos.imghs.net/fchm-wp/1005/414/1005_250247258414_23_2025061916060106483.jpg', 'https://fotos.imghs.net/fchm-wp/1005/414/1005_250247258414_24_2025061916060106484.jpg', 'https://fotos.imghs.net/fchm-wp/1005/414/1005_250247258414_25_2025061916060106485.jpg', 'https://fotos.imghs.net/fchm-wp/1005/414/1005_250247258414_26_2025061916060106486.jpg', 'https://fotos.imghs.net/fchm-wp/1005/414/1005_250247258414_27_2025061916060106487.jpg', 'https://fotos.imghs.net/fchm-wp/1005/414/1005_250247258414_28_2025061916060106488.jpg', 'https://fotos.imghs.net/apps-wp/1005/414/1005_250247258414_3_2025061916060106465.jpg', '//img.youtube.com/vi/QY2QA3HrHrQ/0.jpg']",1,"{'Superficie útil': '62 m²', 'Referencia': 'SP1107/8414', 'Tipo suelo': 'Gres'}","Balcón, Terraza","Oportunidad para reformar  junto a la Sagrada Familia. 4 dormitorios, balcón, patio interior, Todo tabiques.","['a reformar', 'reforma', 'interior', 'dormitorios', 'balcón', 'oportunidad']"
1,1,https://www.pisos.com/comprar/piso-sant_gervasi_galvany08021-53359151040_100500/,"Piso en venta en Carrer de Raset, 21",Piso,1650000.0,240.0,4.0,5.0,Más de 50 años,,,,1ª,,1,0,1,0,Sant Gervasi-Galvany,Sarrià-Sant Gervasi,Barcelona,Barcelona,"venta en Carrer de Raset, 21",8021.0,15/09/2025,"{'Consumo': 'e', 'Emisiones': 'd'}","['https://fotos.imghs.net/fchm-wp/1005/414/1005_244271258414_4_2025061112064978560.jpg', 'https://fotos.imghs.net/fchm-wp/1005/414/1005_244271258414_5_2025061112064978561.jpg', 'https://fotos.imghs.net/fchm-wp/1005/414/1005_244271258414_6_2025061112064978562.jpg', 'https://fotos.imghs.net/fchm-wp/1005/414/1005_244271258414_7_2025061112064978563.jpg', 'https://fotos.imghs.net/fchm-wp/1005/414/1005_244271258414_8_2025061112064978563.jpg', 'https://fotos.imghs.net/fchm-wp/1005/414/1005_244271258414_9_2025061112064978564.jpg', 'https://fotos.imghs.net/fchm-wp/1005/414/1005_244271258414_10_2025061112064978565.jpg', 'https://fotos.imghs.net/fchm-wp/1005/414/1005_244271258414_11_2025061112064978566.jpg', 'https://fotos.imghs.net/fchm-wp/1005/414/1005_244271258414_12_2025061112064978566.jpg', 'https://fotos.imghs.net/fchm-wp/1005/414/1005_244271258414_13_2025061112064978567.jpg', 'https://fotos.imghs.net/fchm-wp/1005/414/1005_244271258414_14_2025061112064978568.jpg', 'https://fotos.imghs.net/fchm-wp/1005/414/1005_244271258414_15_2025061112064978569.jpg', 'https://fotos.imghs.net/fchm-wp/1005/414/1005_244271258414_16_2025061112064978569.jpg', 'https://fotos.imghs.net/fchm-wp/1005/414/1005_244271258414_17_2025061112064978570.jpg', 'https://fotos.imghs.net/fchm-wp/1005/414/1005_244271258414_18_2025061112064978571.jpg', 'https://fotos.imghs.net/fchm-wp/1005/414/1005_244271258414_19_2025061112064978572.jpg', 'https://fotos.imghs.net/fchm-wp/1005/414/1005_244271258414_20_2025061112064978572.jpg', 'https://fotos.imghs.net/fchm-wp/1005/414/1005_244271258414_21_2025061112064978573.jpg', 'https://fotos.imghs.net/fchm-wp/1005/414/1005_244271258414_22_2025061112064978574.jpg', 'https://fotos.imghs.net/fchm-wp/1005/414/1005_244271258414_23_2025061112064978575.jpg', 'https://fotos.imghs.net/fchm-wp/1005/414/1005_244271258414_24_2025061112064978576.jpg', 'https://fotos.imghs.net/fchm-wp/1005/414/1005_244271258414_25_2025061112064978576.jpg', 'https://fotos.imghs.net/fchm-wp/1005/414/1005_244271258414_26_2025061112064978577.jpg', 'https://fotos.imghs.net/fchm-wp/1005/414/1005_244271258414_27_2025061112064978578.jpg', 'https://fotos.imghs.net/fchm-wp/1005/414/1005_244271258414_28_2025061112064978579.jpg', 'https://fotos.imghs.net/fchm-wp/1005/414/1005_244271258414_29_2025061112064978579.jpg', 'https://fotos.imghs.net/fchm-wp/1005/414/1005_244271258414_30_2025061112064978580.jpg', 'https://fotos.imghs.net/fchm-wp/1005/414/1005_244271258414_31_2025061112064978581.jpg', 'https://fotos.imghs.net/fchm-wp/1005/414/1005_244271258414_32_2025061112064978581.jpg', 'https://fotos.imghs.net/fchm-wp/1005/414/1005_244271258414_33_2025061112064978582.jpg', 'https://fotos.imghs.net/fchm-wp/1005/414/1005_244271258414_34_2025061112064978583.jpg', 'https://fotos.imghs.net/fchm-wp/1005/414/1005_244271258414_35_2025061112064978584.jpg', 'https://fotos.imghs.net/fchm-wp/1005/414/1005_244271258414_36_2025061112064978585.jpg', 'https://fotos.imghs.net/fchm-wp/1005/414/1005_244271258414_37_2025061112064978585.jpg', 'https://fotos.imghs.net/fchm-wp/1005/414/1005_244271258414_38_2025061112064978586.jpg', 'https://fotos.imghs.net/fchm-wp/1005/414/1005_244271258414_39_2025061112064978587.jpg', 'https://fotos.imghs.net/fchm-wp/1005/414/1005_244271258414_40_2025061112064978588.jpg', 'https://fotos.imghs.net/fchm-wp/1005/414/1005_244271258414_41_2025061112064978588.jpg', 'https://fotos.imghs.net/fchm-wp/1005/414/1005_244271258414_42_2025061112064978589.jpg', 'https://fotos.imghs.net/fchm-wp/1005/414/1005_244271258414_43_2025061112064978590.jpg', 'https://fotos.imghs.net/fchm-wp/1005/414/1005_244271258414_44_2025061112064978591.jpg', 'https://fotos.imghs.net/fchm-wp/1005/414/1005_244271258414_45_2025061112064978591.jpg', 'https://fotos.imghs.net/fchm-wp/1005/414/1005_244271258414_46_2025061112064978592.jpg', 'https://fotos.imghs.net/fchm-wp/1005/414/1005_244271258414_47_2025061112064978593.jpg', 'https://fotos.imghs.net/fchm-wp/1005/414/1005_244271258414_48_2025061112064978594.jpg', 'https://fotos.imghs.net/fchm-wp/1005/414/1005_244271258414_49_2025061112064978594.jpg', 'https://fotos.imghs.net/fchm-wp/1005/414/1005_244271258414_50_2025061112064978595.jpg', 'https://fotos.imghs.net/fchm-wp/1005/414/1005_244271258414_51_2025061112064978596.jpg', 'https://fotos.imghs.net/fchm-wp/1005/414/1005_244271258414_52_2025061112064978596.jpg', 'https://fotos.imghs.net/fchm-wp/1005/414/1005_244271258414_53_2025061112064978597.jpg', 'https://fotos.imghs.net/fchm-wp/1005/414/1005_244271258414_54_2025061112064978598.jpg', 'https://fotos.imghs.net/fchm-wp/1005/414/1005_244271258414_55_2025061112064978599.jpg', 'https://fotos.imghs.net/fchm-wp/1005/414/1005_244271258414_56_2025061112064978600.jpg', 'https://fotos.imghs.net/fchm-wp/1005/414/1005_244271258414_57_2025061112064978601.jpg', 'https://fotos.imghs.net/apps-wp/1005/414/1005_244271258414_50_2025061112064978595.jpg', '//img.youtube.com/vi/MRnXecesZP4/0.jpg']",1,"{'Superficie útil': '212 m²', 'Referencia': 'SP1069/8414', 'Armarios empotrados': '1', 'Tipo suelo': 'Parquet', 'Orientación': 'Sur'}","Aire acondicionado, Calefacción, Puerta blindada, Balcón, Terraza","Vivienda exclusiva obra del arquitecto J. A. Coderch. A 3 vientos, 4 dormitorios con baño. 5 plazas de parking opcionalmente.","['vivienda', 'dormitorios', 'baño', 'parking']"
2,2,https://www.pisos.com/comprar/piso-el_guinardo08041-56708671799_100500/,"Piso en venta en Avinguda de la Mare de Déu de Montserrat, cerca de Carrer de Varsòvia",Piso,259000.0,55.0,3.0,2.0,Más de 50 años,,,,1ª,,1,0,0,0,El Guinardó,Horta-Guinardó,Barcelona,Barcelona,"venta en Avinguda de la Mare de Déu de Montserrat, cerca de Carrer de Varsòvia",8041.0,08/09/2025,,"['https://fotos.imghs.net/fchm-wp/1005/414/1005_263573248414_4_2025082210084839911.jpg', 'https://fotos.imghs.net/fchm-wp/1005/414/1005_263573248414_5_2025082210084839912.jpg', 'https://fotos.imghs.net/fchm-wp/1005/414/1005_263573248414_6_2025082210084839912.jpg', 'https://fotos.imghs.net/fchm-wp/1005/414/1005_263573248414_7_2025082210084839913.jpg', 'https://fotos.imghs.net/fchm-wp/1005/414/1005_263573248414_8_2025082210084839913.jpg', 'https://fotos.imghs.net/fchm-wp/1005/414/1005_263573248414_9_2025082210084839914.jpg', 'https://fotos.imghs.net/fchm-wp/1005/414/1005_263573248414_10_2025082210084839914.jpg', 'https://fotos.imghs.net/fchm-wp/1005/414/1005_263573248414_11_2025082210084839915.jpg', 'https://fotos.imghs.net/fchm-wp/1005/414/1005_263573248414_12_2025082210084839915.jpg', 'https://fotos.imghs.net/fchm-wp/1005/414/1005_263573248414_13_2025082210084839916.jpg', 'https://fotos.imghs.net/fchm-wp/1005/414/1005_263573248414_14_2025082210084839916.jpg', 'https://fotos.imghs.net/fchm-wp/1005/414/1005_263573248414_15_2025082210084839917.jpg', 'https://fotos.imghs.net/fchm-wp/1005/414/1005_263573248414_16_2025082210084839917.jpg', 'https://fotos.imghs.net/fchm-wp/1005/414/1005_263573248414_17_2025082210084839918.jpg', 'https://fotos.imghs.net/fchm-wp/1005/414/1005_263573248414_18_2025082210084839918.jpg', 'https://fotos.imghs.net/apps-wp/1005/414/1005_263573248414_3_2025082210084839911.jpg', '//img.youtube.com/vi/G6NkH5TVSno/0.jpg']",1,"{'Superficie útil': '50 m²', 'Gastos de comunidad': 'Entre 20 y 40 €', 'Referencia': 'SP1141/8414', 'Tipo suelo': 'Parquet'}",,"Bonita vivienda de 3 dormitorios, moderna, tranquila, totalmente reformada.","['vivienda', 'reforma', 'dormitorios']"
3,3,https://www.pisos.com/comprar/atico-la_marina_del_prat_vermell_zona_franca_port08038-57596634335_525021/,Ático en venta en Carrer de la Mare de Déu de Port,Atico,329000.0,89.0,3.0,1.0,Más de 50 años,Frío y calor,,,8ª,A reformar,1,1,0,0,La Marina del Prat Vermell-Zona Franca-Port,Sants-Montjuïc,Barcelona,Barcelona,venta en Carrer de la Mare de Déu de Port,8038.0,20/09/2025,"{'Consumo': 'e', 'Emisiones': 'e'}","['https://fotos.imghs.net/fchm-wp/525021/57596634335.525021/525021_57596634335_d43c744f-a7bf-402a-81ea-40c6e7f6b0dd.jpg', 'https://fotos.imghs.net/fchm-wp/525021/57596634335.525021/525021_57596634335_2327075d-d237-4d66-b912-2b0c75bc57ca.jpg', 'https://fotos.imghs.net/fchm-wp/525021/57596634335.525021/525021_57596634335_312c2514-2a41-4c98-8dbd-a95c9aa77c3a.jpg', 'https://fotos.imghs.net/fchm-wp/525021/57596634335.525021/525021_57596634335_62ed61fd-a624-4249-8c97-64554e98427c.jpg', 'https://fotos.imghs.net/fchm-wp/525021/57596634335.525021/525021_57596634335_0d824ae9-e936-42c5-b2fe-8c1356d1d35a.jpg', 'https://fotos.imghs.net/fchm-wp/525021/57596634335.525021/525021_57596634335_21179e9a-6bc8-4a7a-a272-10b5bae353a9.jpg', 'https://fotos.imghs.net/fchm-wp/525021/57596634335.525021/525021_57596634335_2955117c-759d-437b-b24b-e783f436ddc1.jpg', 'https://fotos.imghs.net/fchm-wp/525021/57596634335.525021/525021_57596634335_28c624fb-ca20-4e34-a4f8-0cc6e79030d6.jpg', 'https://fotos.imghs.net/fchm-wp/525021/57596634335.525021/525021_57596634335_65f52b2e-ad9c-43d9-9c45-f9d1b858e50e.jpg', 'https://fotos.imghs.net/fchm-wp/525021/57596634335.525021/525021_57596634335_01c59d2f-4868-45af-a447-db18a593e05a.jpg', 'https://fotos.imghs.net/fchm-wp/525021/57596634335.525021/525021_57596634335_4a784c4b-9d12-46c6-a0b7-68560bc7bcda.jpg', 'https://fotos.imghs.net/fchm-wp/525021/57596634335.525021/525021_57596634335_65f19c30-681c-434d-b8cb-4483f5a81c14.jpg', 'https://fotos.imghs.net/fchm-wp/525021/57596634335.525021/525021_57596634335_8861a501-8b89-4422-89d7-8c3232a9d7ae.jpg', 'https://fotos.imghs.net/fchm-wp/525021/57596634335.525021/525021_57596634335_dd089e39-c7c6-4598-809b-cfbba0c5ba4c.jpg', 'https://fotos.imghs.net/fchm-wp/525021/57596634335.525021/525021_57596634335_d902b5b0-0bde-49e0-8bbd-0907336cd513.jpg', 'https://fotos.imghs.net/fchm-wp/525021/57596634335.525021/525021_57596634335_8c9d5612-3ea4-4339-a91a-7b376797f1f9.jpg', 'https://fotos.imghs.net/fchm-wp/525021/57596634335.525021/525021_57596634335_1154dc76-edca-4f2b-a7e4-0da0afec6124.jpg', 'https://fotos.imghs.net/fchm-wp/525021/57596634335.525021/525021_57596634335_4c2e4559-0996-479b-b2d6-5cf0a1e4432e.jpg', 'https://fotos.imghs.net/fchm-wp/525021/57596634335.525021/525021_57596634335_0d95c0c5-2c2d-4da8-bba3-f02c90516e11.jpg', 'https://fotos.imghs.net/fchm-wp/525021/57596634335.525021/525021_57596634335_17eb83fb-a06e-4be3-8935-2ad1fdea986b.jpg', 'https://fotos.imghs.net/fchm-wp/525021/57596634335.525021/525021_57596634335_c6e1a0a6-7122-4e36-bd06-834b7c1c5020.jpg', 'https://fotos.imghs.net/fchm-wp/525021/57596634335.525021/525021_57596634335_8ec3f3f8-ac0d-4af8-a209-bf5f8447ac87.jpg', 'https://fotos.imghs.net/fchm-wp/525021/57596634335.525021/525021_57596634335_fc378bef-004d-4e94-a1f1-3ac3b4f61396.jpg', 'https://pisos-classifieds-ui-production.pisos.com/thumbnails/brightcove/get?fileId=6378401911112']",1,"{'Superficie útil': '80 m²', 'Referencia': 'LCB38349- Punto Viladecans', 'S.L.': True, 'Tipo suelo': 'Gres', 'Carpintería exterior': 'Aluminio', 'Cocina equipada': 'Independiente', 'Orientación': 'Suroeste'}",Se aceptan mascotas,_____________estudio miraflores l’hospitalet presenta_____________,['estudio']
4,4,https://www.pisos.com/comprar/piso-sant_pere_santa_caterina_la_ribera08003-50007388012_528760/,"Piso en venta en Carrer de Sant Pere Mitjà, cerca de Carrer de Verdaguer i Callís",Piso,395000.0,85.0,2.0,2.0,,Frío y calor,,,Principal,Reformado,0,1,0,1,Sant Pere-Santa Caterina-La Ribera,Ciutat Vella,Barcelona,Barcelona,"venta en Carrer de Sant Pere Mitjà, cerca de Carrer de Verdaguer i Callís",8003.0,20/09/2025,,"['https://fotos.imghs.net/fchm-wp/528760/50007388012.528760/528760_50007388012_512297eb-3f29-4d18-aeeb-77fca9b10a58.jpg', 'https://fotos.imghs.net/fchm-wp/528760/50007388012.528760/528760_50007388012_608192e5-f760-4c8e-8597-112a497ac514.jpg', 'https://fotos.imghs.net/fchm-wp/528760/50007388012.528760/528760_50007388012_b178b5b9-9599-4bb2-bdad-2e91dc54fa00.jpg', 'https://fotos.imghs.net/fchm-wp/528760/50007388012.528760/528760_50007388012_1262e288-1cfd-4b9a-bfb7-2725fb42550c.jpg', 'https://fotos.imghs.net/fchm-wp/528760/50007388012.528760/528760_50007388012_de0312d4-721f-402d-8f9f-fec5189a16db.jpg', 'https://fotos.imghs.net/fchm-wp/528760/50007388012.528760/528760_50007388012_ece82e4f-d035-45e0-9e0b-c35a57389042.jpg', 'https://fotos.imghs.net/fchm-wp/528760/50007388012.528760/528760_50007388012_913917bd-cf29-4f62-bf41-c4072659bd04.jpg', 'https://fotos.imghs.net/fchm-wp/528760/50007388012.528760/528760_50007388012_2dc80d11-1289-49da-9b99-b8cd01fd5fb0.jpg', 'https://fotos.imghs.net/fchm-wp/528760/50007388012.528760/528760_50007388012_c231eebc-3ab1-47dc-9535-d7810af52626.jpg']",1,"{'Superficie útil': '80 m²', 'Referencia': '205/2024'}",Balcón,Piso histórico en el gótico de barcelona,['piso']
5,5,https://www.pisos.com/comprar/piso-el_raval08001-50011879151_108900/,Piso en venta en Carrer de l'Om,Piso,290000.0,78.0,3.0,1.0,Entre 30 y 50 años,,,,1ª,En buen estado,0,1,1,0,El Raval,Ciutat Vella,Barcelona,Barcelona,venta en Carrer de l'Om,8001.0,20/09/2025,,"['https://fotos.imghs.net/fchm-wp/1089/242/1089_XA778-1483242_4_2025051305063531250.jpg', 'https://fotos.imghs.net/fchm-wp/1089/242/1089_XA778-1483242_5_2025051305063531250.jpg', 'https://fotos.imghs.net/fchm-wp/1089/242/1089_XA778-1483242_6_2025051305063531250.jpg', 'https://fotos.imghs.net/fchm-wp/1089/242/1089_XA778-1483242_7_2025051305063531250.jpg', 'https://fotos.imghs.net/fchm-wp/1089/242/1089_XA778-1483242_8_2025051305063531250.jpg', 'https://fotos.imghs.net/fchm-wp/1089/242/1089_XA778-1483242_9_2025051305063531250.jpg', 'https://fotos.imghs.net/fchm-wp/1089/242/1089_XA778-1483242_10_2025051305063531250.jpg', 'https://fotos.imghs.net/fchm-wp/1089/242/1089_XA778-1483242_11_2025051305063531250.jpg', 'https://fotos.imghs.net/fchm-wp/1089/242/1089_XA778-1483242_12_2025051305063531250.jpg', 'https://fotos.imghs.net/fchm-wp/1089/242/1089_XA778-1483242_13_2025051305063531250.jpg', 'https://fotos.imghs.net/fchm-wp/1089/242/1089_XA778-1483242_14_2025051305063531250.jpg', 'https://fotos.imghs.net/fchm-wp/1089/242/1089_XA778-1483242_15_2025051305063531250.jpg', 'https://fotos.imghs.net/fchm-wp/1089/242/1089_XA778-1483242_16_2025051305063531250.jpg', 'https://fotos.imghs.net/fchm-wp/1089/242/1089_XA778-1483242_17_2025051305063531250.jpg', 'https://fotos.imghs.net/fchm-wp/1089/242/1089_XA778-1483242_18_2025051305063531250.jpg', 'https://fotos.imghs.net/fchm-wp/1089/242/1089_XA778-1483242_19_2025051305063531250.jpg', 'https://fotos.imghs.net/fchm-wp/1089/242/1089_XA778-1483242_20_2025051305063531250.jpg', 'https://fotos.imghs.net/fchm-wp/1089/242/1089_XA778-1483242_21_2025051305063531250.jpg', 'https://fotos.imghs.net/fchm-wp/1089/242/1089_XA778-1483242_22_2025051305063531250.jpg', 'https://fotos.imghs.net/fchm-wp/1089/242/1089_XA778-1483242_23_2025051305063531250.jpg', 'https://fotos.imghs.net/fchm-wp/1089/242/1089_XA778-1483242_24_2025051305063531250.jpg', 'https://fotos.imghs.net/fchm-wp/500765/50011879151.108900/500765_50011879151_1_20250108164321596.jpg']",1,"{'Superficie útil': '70 m²', 'Referencia': 'O_TK24_1311B', 'Tipo suelo': 'Cerámica o gress', 'Calefacción': 'Gas natural', 'Cocina equipada': 'Independiente', 'Orientación': 'Norte'}",,"Se presenta una oportunidad única para adquirir un encantador piso en venta situado en el corazón de Barcelona, específicamente en la vibrante zona de Ciutat Vella, en el emblemático barrio de El Raval. Esta propiedad, con sus características y ubicación, se perfila como la inversión ideal tanto para quienes buscan un hogar en la ciudad como para aquellos interesados en realizar una inversión inteligente.Con una superficie de 70 metros cuadrados útiles y 78 metros construidos, el piso ofrece un espacio cómodo y bien distribuido que se adapta perfectamente a las necesidades de una familia o de quienes deseen disfrutar de un amplio espacio personal. La propiedad cuenta con tres luminosas habitaciones que proporcionan el espacio suficiente para crear un ambiente acogedor y personalizado. Cada habitación tiene el potencial de convertirse en un refugio íntimo gracias a su buena distribución y luz natural.Su localización en la primera planta del edificio, construido en 1987, asegura acceso fácil y cómodo, algo especialmente valioso en la bulliciosa vida urbana de Barcelona. El diseño del edificio y su mantenimiento reflejan la calidad de construcción característica de la época, aportando solidez y tranquilidad a sus propietarios.Uno de los destacados de esta propiedad es su trastero, una característica que siempre es apreciada y rara vez encontrada en viviendas en el corazón de la ciudad. El trastero ofrece espacio adicional para almacenamiento, eliminando preocupaciones relacionadas con el almacenaje de artículos no esenciales en la vivienda diaria.La conectividad es otro de los puntos fuertes de este excelente piso. Situado estratégicamente para beneficiarse de la cercanía de múltiples opciones de transporte público, el acceso a la red de metro y autobuses se encuentra a escasos minutos de distancia. Esto asegura una conexión rápida y eficaz con el resto de la ciudad y sus alrededores, facilitando los desplazamientos diarios y permitiendo disfrutar de todo lo que Barcelona tiene para ofrecer.Vivir en El Raval es sinónimo de diversidad cultural y de un ambiente dinámico y vibrante. El barrio ofrece una amplia gama de servicios, comercio de proximidad, restaurantes y actividades culturales que enriquecen el día a día de sus residentes. Además, la proximidad a lugares emblemáticos de Barcelona añade un atractivo adicional a esta propiedad.La relación calidad-precio del piso es excepcional, considerando sus características, tamaño y ubicación inmejorable. Comprar en esta zona garantiza no solo una buena calidad de vida, sino también una inversión segura y con potencial de revalorización futura.Realizar una visita a este magnífico inmueble es el primer paso para conocer de primera mano todas las ventajas y encantos que ofrece. El espacio, la ubicación y el entorno combinan a la perfección para crear una oportunidad única que no se debe dejar pasar. Descubrir y experimentar las posibilidades que este hogar ofrece, promete satisfacer las expectativas de cualquier comprador exigente. Contacte para concertar una cita y comenzar a visualizar cómo este piso puede convertirse en su próximo hogar en Barcelona.","['piso', 'ático', 'vivienda', 'amplio', 'acogedor', 'habitaciones', 'trastero', 'barrio', 'transporte', 'oportunidad', 'inversión']"
6,6,https://www.pisos.com/comprar/atico-el_poble_sec08004-56730175486_513145/,"Ático en venta en Carrer de la Creu dels Molers, cerca de Carrer de Blai",Atico,495000.0,79.0,1.0,1.0,Más de 50 años,Frío y calor,,,5ª,A estrenar,1,1,0,1,El Poble-sec,Sants-Montjuïc,Barcelona,Barcelona,"venta en Carrer de la Creu dels Molers, cerca de Carrer de Blai",8004.0,19/09/2025,"{'Consumo': 'e', 'Emisiones': 'e'}","['https://fotos.imghs.net/fchm-wp/513145/56730175486.513145/513145_56730175486_97149523-061a-4dd9-8442-c6e77528a6a2.jpg', 'https://fotos.imghs.net/fchm-wp/513145/56730175486.513145/513145_56730175486_88044028-a3b5-480c-88f1-eb5527d68162.jpg', 'https://fotos.imghs.net/fchm-wp/513145/56730175486.513145/513145_56730175486_2b8bb672-e71a-4bbf-a589-95ff9267704f.jpg', 'https://fotos.imghs.net/fchm-wp/513145/56730175486.513145/513145_56730175486_36712260-5463-4a66-881f-dd60d1a1e50b.jpg', 'https://fotos.imghs.net/fchm-wp/513145/56730175486.513145/513145_56730175486_0f37572f-8438-4a43-bfdc-26d1a29fb993.jpg', 'https://fotos.imghs.net/fchm-wp/513145/56730175486.513145/513145_56730175486_b617777b-2a7c-4f22-b37c-9ffa7e063cfd.jpg', 'https://fotos.imghs.net/fchm-wp/513145/56730175486.513145/513145_56730175486_c1d36f86-1dda-4ba7-bcc9-6b16e12b67d3.jpg', 'https://fotos.imghs.net/fchm-wp/513145/56730175486.513145/513145_56730175486_ab2fed12-cca2-431e-b489-723980eb06ee.jpg', 'https://fotos.imghs.net/fchm-wp/513145/56730175486.513145/513145_56730175486_ef186e19-3709-472b-bf15-1db1a607c519.jpg', 'https://fotos.imghs.net/fchm-wp/513145/56730175486.513145/513145_56730175486_a07f354c-5dc5-4e55-b702-9cdb1c199191.jpg', 'https://fotos.imghs.net/fchm-wp/513145/56730175486.513145/513145_56730175486_cfae2fdd-9414-4418-a6e7-5b79ee7a9956.jpg', 'https://fotos.imghs.net/fchm-wp/513145/56730175486.513145/513145_56730175486_b5d49f40-4591-484c-8b21-8ce6b271c89c.jpg', 'https://fotos.imghs.net/fchm-wp/513145/56730175486.513145/513145_56730175486_24452ab5-7276-4569-9f72-a6a34f219727.jpg', 'https://fotos.imghs.net/fchm-wp/513145/56730175486.513145/513145_56730175486_e41aaeb9-87e8-4648-8ea8-fe093662634f.jpg', 'https://fotos.imghs.net/fchm-wp/513145/56730175486.513145/513145_56730175486_17bb9838-eb39-476b-a156-9dd9e4eacb19.jpg', 'https://fotos.imghs.net/fchm-wp/513145/56730175486.513145/513145_56730175486_23fc233e-f639-450e-9a3c-b7d8ad6c1724.jpg', 'https://fotos.imghs.net/fchm-wp/513145/56730175486.513145/513145_56730175486_480e3525-d320-4ec6-99ad-232f682a4a25.jpg', 'https://fotos.imghs.net/fchm-wp/513145/56730175486.513145/513145_56730175486_651db86f-6bb9-4109-8c32-a8e642e99c1c.jpg', 'https://fotos.imghs.net/fchm-wp/513145/56730175486.513145/513145_56730175486_72d01cb4-df6d-45a4-ac2e-d9c812d5bd4a.jpg', 'https://fotos.imghs.net/fchm-wp/513145/56730175486.513145/513145_56730175486_0f5fa195-4b23-456b-b452-ee70be432773.jpg', 'https://fotos.imghs.net/fchm-wp/513145/56730175486.513145/513145_56730175486_1ad95999-1555-4fd0-81d8-e01429fc9559.jpg', 'https://fotos.imghs.net/fchm-wp/513145/56730175486.513145/513145_56730175486_14c81bae-180e-4d76-a3b7-2ad8111783a8.jpg', 'https://fotos.imghs.net/fchm-wp/513145/56730175486.513145/513145_56730175486_cc0899c8-32ae-403a-be44-e87ddba7591f.jpg', 'https://fotos.imghs.net/fchm-wp/513145/56730175486.513145/513145_56730175486_3c339981-15f7-46ae-863b-a55dfd22dc4f.jpg', 'https://fotos.imghs.net/fchm-wp/513145/56730175486.513145/513145_56730175486_668f7047-07ae-442b-882c-eb0a6f96f417.jpg', 'https://fotos.imghs.net/fchm-wp/513145/56730175486.513145/513145_56730175486_1a8d9694-dfd5-44aa-b917-fd1dcc85d9ec.jpg', 'https://fotos.imghs.net/fchm-wp/513145/56730175486.513145/513145_56730175486_cc62afa4-ba8e-4233-a674-fafc61b09653.jpg', 'https://fotos.imghs.net/apps-wp/513145/56730175486.513145/513145_56730175486_40a32827-c16e-42b4-bd18-942c668efb6a.jpg', '//img.youtube.com/vi/RDWSb6cnHJU/0.jpg']",1,"{'Superficie útil': '58 m²', 'Gastos de comunidad': 'Más de 100 €', 'Referencia': '94-atico', 'Tipo suelo': 'Parquet', 'Carpintería exterior': 'Aluminio', 'Orientación': 'Sureste'}","Vidrios dobles, Cocina equipada, Lavadero, Terraza, Soleado",Ático luminoso de 79 m2 con dos terrazas de uso privativo a nivel.,"['ático', 'luminoso', 'terraza']"
7,7,https://www.pisos.com/comprar/piso-el_poble_sec08004-35005498048_993872/,"Piso en venta en Carrer del Poeta Cabanyes, cerca de Carrer de Salvà",Piso,208000.0,52.0,2.0,1.0,Más de 50 años,,,,1ª,A reformar,0,1,0,0,El Poble-sec,Sants-Montjuïc,Barcelona,Barcelona,"venta en Carrer del Poeta Cabanyes, cerca de Carrer de Salvà",8004.0,14/07/2023,,"['https://fotos.imghs.net/fchm-wp/993872/35005498048.993872/993872_35005498048_4_20230626173229317.jpg', 'https://fotos.imghs.net/fchm-wp/993872/35005498048.993872/993872_35005498048_5_20230626173231218.jpg', 'https://fotos.imghs.net/fchm-wp/993872/35005498048.993872/993872_35005498048_6_20230626173233001.jpg', 'https://fotos.imghs.net/fchm-wp/993872/35005498048.993872/993872_35005498048_7_20230626173235132.jpg', 'https://fotos.imghs.net/fchm-wp/993872/35005498048.993872/993872_35005498048_8_20230626173236875.jpg', 'https://fotos.imghs.net/fchm-wp/993872/35005498048.993872/993872_35005498048_9_20230626173239401.jpg', 'https://fotos.imghs.net/fchm-wp/993872/35005498048.993872/993872_35005498048_10_20230626173241354.jpg', 'https://fotos.imghs.net/fchm-wp/993872/35005498048.993872/993872_35005498048_11_20230626173243072.jpg', 'https://fotos.imghs.net/fchm-wp/993872/35005498048.993872/993872_35005498048_12_20230626173245433.jpg', 'https://fotos.imghs.net/fchm-wp/993872/35005498048.993872/993872_35005498048_14_20230626173250351.jpg', 'https://fotos.imghs.net/fchm-wp/993872/35005498048.993872/993872_35005498048_15_20230626173252211.jpg', 'https://fotos.imghs.net/fchm-wp/993872/35005498048.993872/993872_35005498048_16_20230626173254139.jpg', 'https://fotos.imghs.net/fchm-wp/993872/35005498048.993872/993872_35005498048_1_20230626173223193.jpg', 'https://fotos.imghs.net/fchm-wp/993872/35005498048.993872/993872_35005498048_17_20230626173255977.jpg']",1,"{'Superficie útil': '47 m²', 'Gastos de comunidad': 'Entre 40 y 60 €', 'Referencia': 'Poeta Cabanyes', 'Tipo suelo': 'Gres', 'Carpintería exterior': 'Madera', 'Cocina equipada': 'Para reformar', 'Comedor': 'Correcto con posibilidad de juntar espacio cocina.', 'Orientación': 'Este'}","Portero automático, Balcón, Se aceptan mascotas","Piso en venta en la calle Poeta Cabanyes, Poble Sec, Barcelona",['piso']
8,8,https://www.pisos.com/comprar/piso-la_dreta_de_eixample08025-56712435779_994044/,"Piso en venta en Carrer de Nàpols, cerca de Carrer del Rosselló",Piso,595000.0,81.0,4.0,2.0,Más de 50 años,Frío y calor,,,4ª,Reformado,1,1,0,0,La Dreta de l'Eixample,Eixample,Barcelona,Barcelona,"venta en Carrer de Nàpols, cerca de Carrer del Rosselló",8025.0,09/09/2025,"{'Consumo': 'd', 'Emisiones': 'd'}","['https://fotos.imghs.net/fchm-wp/994044/56712435779.994044/994044_56712435779_4a5d4aec-1f41-4e7c-a26c-d76107154904.jpg', 'https://fotos.imghs.net/fchm-wp/994044/56712435779.994044/994044_56712435779_3e856644-f9ee-4bf5-9c16-3fd495c19e15.jpg', 'https://fotos.imghs.net/fchm-wp/994044/56712435779.994044/994044_56712435779_3684c480-33bd-4b36-be00-3ff403a76a80.jpg', 'https://fotos.imghs.net/fchm-wp/994044/56712435779.994044/994044_56712435779_4ad39d19-7831-4747-b2aa-468522a9914b.jpg', 'https://fotos.imghs.net/fchm-wp/994044/56712435779.994044/994044_56712435779_5f47e8b5-e22c-44a8-a79b-e1daf1d35168.jpg', 'https://fotos.imghs.net/fchm-wp/994044/56712435779.994044/994044_56712435779_ada145ed-d932-4872-a3bf-ac2c8b9c7273.jpg', 'https://fotos.imghs.net/fchm-wp/994044/56712435779.994044/994044_56712435779_8627b899-1b8a-4e98-ae8c-693908df6297.jpg', 'https://fotos.imghs.net/fchm-wp/994044/56712435779.994044/994044_56712435779_d0fffb36-c286-47f7-a0ae-6b1971fadbf5.jpg', 'https://fotos.imghs.net/fchm-wp/994044/56712435779.994044/994044_56712435779_81ef5752-d7ba-44ca-8183-85e11871e243.jpg', 'https://fotos.imghs.net/fchm-wp/994044/56712435779.994044/994044_56712435779_ce68d3d6-88e3-4b52-baa2-cd75519127f3.jpg', 'https://fotos.imghs.net/fchm-wp/994044/56712435779.994044/994044_56712435779_351969f3-56c4-406a-80a0-fe0829853b4a.jpg', 'https://fotos.imghs.net/fchm-wp/994044/56712435779.994044/994044_56712435779_ad96fa6b-b73a-4196-b8ee-2c717422b347.jpg', 'https://fotos.imghs.net/fchm-wp/994044/56712435779.994044/994044_56712435779_143f5ed9-6aea-4100-9bf5-ea0ead0dc560.jpg', 'https://fotos.imghs.net/fchm-wp/994044/56712435779.994044/994044_56712435779_b98eb1c0-75bf-40b9-ac84-288d4d1321c2.jpg', 'https://fotos.imghs.net/fchm-wp/994044/56712435779.994044/994044_56712435779_0b1cd4ed-183b-40e4-954e-e084e30d98b4.jpg', 'https://fotos.imghs.net/fchm-wp/994044/56712435779.994044/994044_56712435779_622b525f-b357-4e1e-a407-640fc7d52a48.jpg', 'https://fotos.imghs.net/fchm-wp/994044/56712435779.994044/994044_56712435779_8bf644d3-1aab-447f-9d31-65e62b31b3a7.jpg', 'https://fotos.imghs.net/fchm-wp/994044/56712435779.994044/994044_56712435779_46d55d82-d5f7-4021-9973-27e63457186b.jpg', 'https://fotos.imghs.net/fchm-wp/994044/56712435779.994044/994044_56712435779_10a9f311-9ee3-4441-a1bc-c6fbc84e5e4b.jpg', 'https://fotos.imghs.net/fchm-wp/994044/56712435779.994044/994044_56712435779_62f411cb-51d2-4657-82ba-e7217e761512.jpg', 'https://fotos.imghs.net/fchm-wp/994044/56712435779.994044/994044_56712435779_b498c7d2-5b5c-4139-8dcc-9b467deae955.jpg', 'https://fotos.imghs.net/fchm-wp/994044/56712435779.994044/994044_56712435779_e8c658c1-fe28-404a-95f3-62d0756e7dbb.jpg', 'https://fotos.imghs.net/fchm-wp/994044/56712435779.994044/994044_56712435779_9c0429c3-9759-4041-9fa2-591469b009ec.jpg', 'https://fotos.imghs.net/fchm-wp/994044/56712435779.994044/994044_56712435779_edf7f649-327b-46f2-92ba-2ff32d4469bf.jpg', 'https://fotos.imghs.net/fchm-wp/994044/56712435779.994044/994044_56712435779_1dec9bec-45ed-426b-9a71-37056d7d59e5.jpg', 'https://fotos.imghs.net/fchm-wp/994044/56712435779.994044/994044_56712435779_b44bd746-35e4-4cd3-91b3-fd84b5a7d576.jpg', 'https://fotos.imghs.net/fchm-wp/994044/56712435779.994044/994044_56712435779_578acb72-7923-49b3-8428-211d1ffb15ca.jpg', 'https://fotos.imghs.net/fchm-wp/994044/56712435779.994044/994044_56712435779_23c01874-54b9-4e35-a840-b01833a1bcfa.jpg']",1,"{'Superficie útil': '80 m²', 'Referencia': 'Piso en venta. Calle Nàpols.', 'Carpintería interior': 'Madera', 'Tipo suelo': 'Parquet', 'Carpintería exterior': 'Aluminio tipo climalit / madera', 'Calefacción': 'Gas natural', 'Cocina equipada': 'Independiente', 'Comedor': 'Exterior a pati d´illa', 'salida a la terraza.': True, 'Terraza': 'De 4m² aproximadamente.'}","Interior, Soleado","Preciosa vivienda completamente reformada con una pequeña Terraza, junto a la Sagrada Familia. amplia y luminosa... Llámenos y le informaremos.","['vivienda', 'reforma', 'terraza']"
9,9,https://www.pisos.com/comprar/piso-sant_andreu_barrio08030-48363734012_512736/,"Piso en venta en Carrer de Sant Ildefons, 33",Piso,462000.0,85.0,3.0,2.0,Menos de 5 años,Frío y calor,,,2ª,A estrenar,0,0,0,0,Sant Andreu,Sant Andreu,Barcelona,Barcelona,"venta en Carrer de Sant Ildefons, 33",8030.0,21/03/2025,"{'Consumo': 'c', 'Emisiones': 'c'}","['https://fotos.imghs.net/fchm-wp/512736/48363734012.512736/512736_48363734012_699f4463-369b-4c6a-a013-006af7301579.jpg', 'https://fotos.imghs.net/fchm-wp/512736/48363734012.512736/512736_48363734012_02c4c89d-4188-44a7-a805-7e2fbe8cf3ad.jpg', 'https://fotos.imghs.net/fchm-wp/512736/48363734012.512736/512736_48363734012_fad30c39-01ce-4493-a16c-6555ac950c11.jpg', 'https://fotos.imghs.net/fchm-wp/512736/48363734012.512736/512736_48363734012_bbd66d60-2eee-461a-bd9b-6ac0e1485ede.jpg', 'https://fotos.imghs.net/fchm-wp/512736/48363734012.512736/512736_48363734012_3321ea2e-3132-4446-a749-097592bbd089.jpg', 'https://fotos.imghs.net/fchm-wp/512736/48363734012.512736/512736_48363734012_3a1d36be-8c2e-485b-8ecf-fc1d35d70a48.jpg', 'https://fotos.imghs.net/fchm-wp/512736/48363734012.512736/512736_48363734012_6fdbe20d-5d13-4ba4-996e-4f4a0a68b915.jpg', 'https://fotos.imghs.net/fchm-wp/512736/48363734012.512736/512736_48363734012_fdaeeff6-be50-4f67-85b9-cb67f68b548c.jpg', 'https://fotos.imghs.net/fchm-wp/512736/48363734012.512736/512736_48363734012_cee1f294-74a5-40dd-a5b1-73763a0ccb75.jpg', 'https://fotos.imghs.net/fchm-wp/512736/48363734012.512736/512736_48363734012_aa65cbe1-730a-4d6d-9a77-1b085ed80503.jpg', 'https://fotos.imghs.net/fchm-wp/512736/48363734012.512736/512736_48363734012_220af360-4768-4ec4-b0bc-1659c000c761.jpg', 'https://fotos.imghs.net/fchm-wp/512736/48363734012.512736/512736_48363734012_8f40ef00-c894-44d2-b1b1-45f6cd184d2f.jpg', 'https://fotos.imghs.net/fchm-wp/512736/48363734012.512736/512736_48363734012_33535382-d2ca-42b5-87bc-edf7300d5db1.jpg', 'https://fotos.imghs.net/fchm-wp/512736/48363734012.512736/512736_48363734012_4ad2b165-cedf-4b1e-9313-00623935384d.jpg', 'https://fotos.imghs.net/fchm-wp/512736/48363734012.512736/512736_48363734012_587c7bf2-9f0f-4a04-9e49-814525a46c49.jpg', 'https://fotos.imghs.net/fchm-wp/512736/48363734012.512736/512736_48363734012_cae5e7e0-9b89-4e74-8b34-aba8bbab0882.jpg', 'https://fotos.imghs.net/fchm-wp/512736/48363734012.512736/512736_48363734012_a272bc62-3867-493c-ac66-3a7b6f8e70b0.jpg', 'https://fotos.imghs.net/fchm-wp/512736/48363734012.512736/512736_48363734012_9095a9b5-3b22-4342-95cc-87d98246214d.jpg', 'https://fotos.imghs.net/fchm-wp/512736/48363734012.512736/512736_48363734012_616e4b48-1710-4121-803d-ff0ec5a73e3e.jpg']",1,"{'Superficie útil': '76 m²', 'Referencia': '2º1ª ILDEFONS', 'Calefacción': 'Eléctrica'}",Se aceptan mascotas,"Vivienda de 3 habitaciones nueva A ESTRENAR el popular barrio de Sant Andreu. PACK EXTRA ELECTRODOMESTICOS INCLUIDO. Salón comedor abierto, cocinas equipadas, climatización frío-calor y acabados de alta calidad.","['vivienda', 'habitaciones', 'salón', 'comedor', 'cocina', 'barrio']"
10,10,https://www.pisos.com/comprar/piso-sant_andreu_barrio08030-5284939453_109700/,"Piso en venta en Carrer de Fernando Pessoa, s/n",Piso,369000.0,67.0,2.0,1.0,,Frío,,,,A estrenar,1,0,0,0,Sant Andreu,Sant Andreu,Barcelona,Barcelona,"venta en Carrer de Fernando Pessoa, s/n",8030.0,18/09/2025,"{'Consumo': 'a', 'Emisiones': 'a'}","['https://fotos.imghs.net/fchm-wp/1097/597/ad376bce-5918-45d0-8403-91571354500d_20250702093246333.jpg', 'https://fotos.imghs.net/fchm-wp/1097/597/026fc54a-1620-48fb-8cdb-844f9b4c2a15_20250702093246333.jpg', 'https://fotos.imghs.net/fchm-wp/1097/597/1f7c8e0b-a72d-4826-bb0d-83035149e548_20250702093246860.jpg', 'https://fotos.imghs.net/fchm-wp/1097/597/1494db7e-d29a-40e9-b33e-e4d0fde68ac6_20250702093246328.jpg', 'https://fotos.imghs.net/fchm-wp/1097/968/153de595-d091-4530-ba45-876345213f86_20250318101205941.jpg', 'https://fotos.imghs.net/apps-wp/1097/597/28d0ce5e-beab-42be-9b02-8918676fe877_20250702093247130.jpg', 'https://fotos.imghs.net/apps-wp/1097/597/28d0ce5e-beab-42be-9b02-8918676fe877_20250702093247130.jpg', 'https://fotos.imghs.net/apps-wp/1097/597/026fc54a-1620-48fb-8cdb-844f9b4c2a15_20250702093246333.jpg', '//img.youtube.com/vi/C5SezlRNBao/0.jpg']",1,"{'Referencia': '21885136', 'Calefacción': 'Gas natural'}","Garaje, Terraza","B12. Piso en un edificio de obra nueva de 67 m2 de superficie construida y ubicado en la zona de Barcelona Capital. Está distribuido en 2 habitaciones, 1 baño completo, terraza de 10.80 m2 y cuenta con certificación energética A. Incluye extras como ascensor, garaje.","['piso', 'habitaciones', 'baño', 'terraza', 'garaje', 'ascensor']"
11,11,https://www.pisos.com/comprar/piso-la_sagrada_familia08025-57573193331_525021/,Piso en venta en Passatge de Simó,Piso,299000.0,55.0,1.0,1.0,Más de 50 años,,,,Entresuelo,En buen estado,1,1,0,0,La Sagrada Família,Eixample,Barcelona,Barcelona,venta en Passatge de Simó,8025.0,12/09/2025,"{'Consumo': 'e', 'Emisiones': 'e'}","['https://fotos.imghs.net/fchm-wp/525021/57573193331.525021/525021_57573193331_a4e685d0-9899-437d-807c-173e0fbe2892.jpg', 'https://fotos.imghs.net/fchm-wp/525021/57573193331.525021/525021_57573193331_0ff87d22-57e9-4cff-bcdb-76999f793ee8.jpg', 'https://fotos.imghs.net/fchm-wp/525021/57573193331.525021/525021_57573193331_4323b7c5-5b20-4615-b4ce-4a9d5698f819.jpg', 'https://fotos.imghs.net/fchm-wp/525021/57573193331.525021/525021_57573193331_18d90c49-0abb-4f12-a71d-73d3bb2e3674.jpg', 'https://fotos.imghs.net/fchm-wp/525021/57573193331.525021/525021_57573193331_3bd9ddb2-a104-455a-8f75-8aadca033591.jpg', 'https://fotos.imghs.net/fchm-wp/525021/57573193331.525021/525021_57573193331_a749e111-9564-4591-b4a6-3cbe55ab1dac.jpg', 'https://fotos.imghs.net/fchm-wp/525021/57573193331.525021/525021_57573193331_1d0a96f4-39de-4060-855e-8994c45730d7.jpg', 'https://fotos.imghs.net/fchm-wp/525021/57573193331.525021/525021_57573193331_596104db-0ec1-4a65-913b-4f0c0e313335.jpg', 'https://fotos.imghs.net/fchm-wp/525021/57573193331.525021/525021_57573193331_8b295b07-0b3d-437c-af3c-49f3ec2d45d0.jpg', 'https://fotos.imghs.net/fchm-wp/525021/57573193331.525021/525021_57573193331_e0491e3b-1dd7-42a9-a255-06599931d30f.jpg', 'https://fotos.imghs.net/fchm-wp/525021/57573193331.525021/525021_57573193331_dc21d0cb-831a-4875-967e-0340b5c19d39.jpg', 'https://fotos.imghs.net/fchm-wp/525021/57573193331.525021/525021_57573193331_1e870e44-0e5f-4411-9d77-c5b8f044d1ae.jpg', 'https://fotos.imghs.net/fchm-wp/525021/57573193331.525021/525021_57573193331_dc20354c-cd9f-4014-aa2b-ff09c129c52e.jpg', 'https://fotos.imghs.net/fchm-wp/525021/57573193331.525021/525021_57573193331_226792d0-d5a1-4b9f-a45f-6b435b391754.jpg', 'https://fotos.imghs.net/fchm-wp/525021/57573193331.525021/525021_57573193331_37602555-2225-4c19-9910-57f2ba15ebe2.jpg', 'https://fotos.imghs.net/fchm-wp/525021/57573193331.525021/525021_57573193331_8aa3fdab-cb42-4e19-bd17-3cc6c43a6889.jpg', 'https://fotos.imghs.net/fchm-wp/525021/57573193331.525021/525021_57573193331_54bee8c2-1a8a-495d-b3bf-de974e6a907b.jpg', 'https://fotos.imghs.net/fchm-wp/525021/57573193331.525021/525021_57573193331_118a1b70-4715-4285-9f5d-129d9eaf571f.jpg']",1,"{'Superficie útil': '45 m²', 'Referencia': 'LCB38200 NA', 'Tipo suelo': 'Parquet', 'Terraza': 'Cuenta con 15 metros', 'Orientación': 'Sureste'}","Cocina equipada, Comedor, Lavadero, Se aceptan mascotas","Loft con terraza y luz natural a escasos metros de la Sagrada FamiliaTe presentamos este encantador loft de 55 m² más una soleada terraza de 15 m², ubicado en una primera planta real de una finca del 1900, en una de las zonas más emblemáticas y cotizadas de Barcelona: el barrio de Sagrada Familia.La vivienda ofrece una distribución moderna y funcional, con cocina abierta integrada al salón, que se conecta directamente con la terraza orientada al sur, ideal para disfrutar del sol todo el día.Dispone de una habitación doble que puede cerrarse con puertas correderas, ofreciendo privacidad sin perder amplitud visual, perfecta para quienes valoran espacios versátiles y bien aprovechados.El barrio de Sagrada Familia es sinónimo de vida urbana y autenticidad. A pasos de la icónica basílica, rodeado de comercios de barrio, restaurantes, zonas verdes, colegios y una excelente red de transporte público. Un entorno residencial vibrante, pero tranquilo, ideal para vivir o invertir.Una joya urbana con terraza y estilo propio, en una ubicación inmejorable.¡Ven a verlo y déjate sorprender!","['loft', 'vivienda', 'funcional', 'salón', 'cocina', 'terraza', 'barrio', 'transporte', 'colegios']"
12,12,https://www.pisos.com/comprar/piso-la_sagrada_familia08025-56702517229_525021/,Piso en venta en Passatge de Simó,Piso,299000.0,55.0,1.0,1.0,Más de 50 años,Frío y calor,,,Entresuelo,En buen estado,0,0,0,0,La Sagrada Família,Eixample,Barcelona,Barcelona,venta en Passatge de Simó,8025.0,20/09/2025,"{'Consumo': 'e', 'Emisiones': 'e'}","['https://fotos.imghs.net/fchm-wp/525021/56702517229.525021/525021_56702517229_b62a3b3f-647e-4cba-9f93-eb4cf6df73da.jpg', 'https://fotos.imghs.net/fchm-wp/525021/56702517229.525021/525021_56702517229_10dac3cb-987c-4d5a-9e88-6d9560790aaf.jpg', 'https://fotos.imghs.net/fchm-wp/525021/56702517229.525021/525021_56702517229_d5168d5b-a001-4397-8e1b-366d259811f1.jpg', 'https://fotos.imghs.net/fchm-wp/525021/56702517229.525021/525021_56702517229_3a644ce6-2202-454b-8434-38e3476d8970.jpg', 'https://fotos.imghs.net/fchm-wp/525021/56702517229.525021/525021_56702517229_3b953f22-11aa-4f82-a32e-7d7e478fe1da.jpg', 'https://fotos.imghs.net/fchm-wp/525021/56702517229.525021/525021_56702517229_47518af5-051b-4b22-89f6-2c231b3121da.jpg', 'https://fotos.imghs.net/fchm-wp/525021/56702517229.525021/525021_56702517229_881e8746-c048-4ac4-b616-db1c182e3514.jpg', 'https://fotos.imghs.net/fchm-wp/525021/56702517229.525021/525021_56702517229_504202a9-d6de-49d0-993d-cf8a1d20889a.jpg', 'https://fotos.imghs.net/fchm-wp/525021/56702517229.525021/525021_56702517229_3cd88fc4-eb26-4aed-bc4a-da8aca1fbba6.jpg', 'https://fotos.imghs.net/fchm-wp/525021/56702517229.525021/525021_56702517229_02e985e1-e026-4c5a-9e62-0d391941c615.jpg', 'https://fotos.imghs.net/fchm-wp/525021/56702517229.525021/525021_56702517229_39c495bb-d855-4b41-9b7c-f6f15aa56d1d.jpg', 'https://fotos.imghs.net/fchm-wp/525021/56702517229.525021/525021_56702517229_2d645b98-96ba-4a21-8920-0af8f88e212e.jpg', 'https://fotos.imghs.net/fchm-wp/525021/56702517229.525021/525021_56702517229_09b30880-14da-4fe6-b759-20e1c690ba57.jpg', 'https://fotos.imghs.net/fchm-wp/525021/56702517229.525021/525021_56702517229_c7824a6b-75c7-416e-b2dc-e6b5567f765e.jpg', 'https://fotos.imghs.net/fchm-wp/525021/56702517229.525021/525021_56702517229_05f43e84-cd91-4549-91a0-107d927a1a88.jpg', 'https://fotos.imghs.net/fchm-wp/525021/56702517229.525021/525021_56702517229_d08dfc43-d382-4af3-ba47-65e46659d876.jpg', 'https://fotos.imghs.net/fchm-wp/525021/56702517229.525021/525021_56702517229_b0c59381-5d1e-4648-97e4-40a9f9a42685.jpg', 'https://fotos.imghs.net/fchm-wp/525021/56702517229.525021/525021_56702517229_ab323091-d692-4cc4-88fc-73794affadc2.jpg']",1,"{'Superficie útil': '45 m²', 'Referencia': 'LCB38200- Punt Sagrada Família', 'S.L.': True, 'Tipo suelo': 'Parquet', 'Carpintería exterior': 'Aluminio', 'Cocina equipada': 'Americana', 'Orientación': 'Suroeste'}","Interior, Se aceptan mascotas",_____________estudio miraflores l’hospitalet presenta_____________,['estudio']
13,13,https://www.pisos.com/comprar/piso-provencals_del_poblenou08020-57524037901_511717/,"Piso en venta en Gran Via de les Corts Catalanes, cerca de Carrer de la Selva de Mar",Piso,399000.0,97.0,4.0,2.0,Entre 30 y 50 años,,,,5ª,En buen estado,1,1,0,0,Provençals del Poblenou,Sant Martí,Barcelona,Barcelona,"venta en Gran Via de les Corts Catalanes, cerca de Carrer de la Selva de Mar",8020.0,20/09/2025,,"['https://fotos.imghs.net/fchm-wp/511717/57524037901.511717/511717_57524037901_e51b0fc5-639b-4d2a-b705-dc45519dbb7c.jpg', 'https://fotos.imghs.net/fchm-wp/511717/57524037901.511717/511717_57524037901_e3e9ea89-4c8c-49de-bc8e-61acb6bd608e.jpg', 'https://fotos.imghs.net/fchm-wp/511717/57524037901.511717/511717_57524037901_cbe4d60f-4868-4a40-8cc7-93ca25658462.jpg', 'https://fotos.imghs.net/fchm-wp/511717/57524037901.511717/511717_57524037901_07b26ada-559a-4c07-9333-ee90e98913f9.jpg', 'https://fotos.imghs.net/fchm-wp/511717/57524037901.511717/511717_57524037901_e4d34789-73cf-4629-bdb2-3cf7f942c7c0.jpg', 'https://fotos.imghs.net/fchm-wp/511717/57524037901.511717/511717_57524037901_85ed9786-c42a-42b0-a659-c5bc9f17c99d.jpg', 'https://fotos.imghs.net/fchm-wp/511717/57524037901.511717/511717_57524037901_5eff1a05-3459-4dd7-910b-4a5563ce1122.jpg', 'https://fotos.imghs.net/fchm-wp/511717/57524037901.511717/511717_57524037901_36c2e112-1954-4baf-81fa-d094f35d9b95.jpg', 'https://fotos.imghs.net/fchm-wp/511717/57524037901.511717/511717_57524037901_e1312739-ba47-4596-b8a2-facae88fd205.jpg', 'https://fotos.imghs.net/fchm-wp/511717/57524037901.511717/511717_57524037901_5aee4f92-7107-4de1-b5e5-764fad2430b6.jpg', 'https://fotos.imghs.net/fchm-wp/511717/57524037901.511717/511717_57524037901_6c78db5a-d5f8-4a26-bca4-d5219e59dbef.jpg']",1,"{'Superficie útil': '89 m²', 'Referencia': '652', 'Armarios empotrados': '1', 'Carpintería interior': 'Roble', 'Tipo suelo': 'Parquet', 'Carpintería exterior': 'Aluminio', 'Calefacción': 'Gas natural', 'Cocina equipada': 'Reformada', 'Orientación': 'Oeste', 'Soleado': 'De tardes'}","Gas, Lavadero, Portero automático, Puerta blindada, Balcón","¡Descubre tu nuevo hogar en el vibrante Barrio de Sant Martí! Este espectacular piso de 97 m² construidos te ofrece un espacio ideal para disfrutar de la vida en la ciudad. Con cuatro habitaciones, dos de ellas dobles y una convertida en un elegante vestidor, hay espacio suficiente para toda la familia. El amplio comedor, que se abre a un encantador balcón, es perfecto para disfrutar de momentos inolvidables con amigos y seres queridos.","['piso', 'nuevo', 'amplio', 'habitaciones', 'vestidor', 'comedor', 'balcón', 'barrio']"
14,14,https://www.pisos.com/comprar/piso-sant_marti_la_verneda_la_pau08020-5783659614_109700/,"Piso en venta en Calle José Garrido Gámez, 20",Piso,400000.0,,,,,,,,,A estrenar,1,0,0,0,La Verneda-La Pau,Sant Martí,Barcelona,Barcelona,"Calle José Garrido Gámez, 20",8020.0,08/09/2025,,"['https://fotos.imghs.net/fchm-wp/1097/650/f0262ee9-b604-4e4c-b604-cf0f1b9caa8b_20250110080918685.jpg', 'https://fotos.imghs.net/fchm-wp/1097/650/19067ad9-f5e9-4ecb-8f56-f7ea8fec01ab_20250110080919247.jpg', 'https://fotos.imghs.net/fchm-wp/1097/650/affc39e5-93bc-4aa4-834a-4d78c2f4a26c_20250110080919388.jpg', 'https://fotos.imghs.net/fchm-wp/1097/650/52987927-04c1-4660-ad57-22dc0b19f225_20250110080919107.jpg', 'https://fotos.imghs.net/fchm-wp/1097/650/2d01bf6d-36ea-45ca-877b-15d30bfafec7_20250110080919419.jpg', 'https://fotos.imghs.net/fchm-wp/1097/337/51365c01-4943-4d58-8c04-e34a8899c93d_20250908101243517.jpg']",1,{'Referencia': '22452351'},"Balcón, Zona comunitaria, Instalaciones deportivas, Piscina",VI 122 101 009 001. Piso en un edificio de obra nueva y ubicado en la zona de Barcelona Capital. Está distribuido en balcón. Incluye extras como ascensor.,"['piso', 'balcón', 'ascensor']"
15,15,https://www.pisos.com/comprar/piso-la_dreta_de_eixample-56689925727_106500/,Piso en venta en La Dreta de L'Eixample,Piso,995000.0,134.0,3.0,2.0,Más de 50 años,,,,5ª,En buen estado,1,0,0,0,La Dreta de l'Eixample,Eixample,Barcelona,Barcelona,venta en La Dreta de L'Eixample,,13/09/2025,,"['https://fotos.imghs.net/fchm-wp/1065/197/1065_IJ2451-98548197_4_2025080510082404137.jpg', 'https://fotos.imghs.net/fchm-wp/1065/197/1065_IJ2451-98548197_5_2025080510082404138.jpg', 'https://fotos.imghs.net/fchm-wp/1065/197/1065_IJ2451-98548197_6_2025080510082404138.jpg', 'https://fotos.imghs.net/fchm-wp/1065/197/1065_IJ2451-98548197_7_2025080510082404139.jpg', 'https://fotos.imghs.net/fchm-wp/1065/197/1065_IJ2451-98548197_8_2025080510082404139.jpg', 'https://fotos.imghs.net/fchm-wp/1065/197/1065_IJ2451-98548197_9_2025080510082404140.jpg', 'https://fotos.imghs.net/fchm-wp/1065/197/1065_IJ2451-98548197_10_2025080510082404140.jpg', 'https://fotos.imghs.net/fchm-wp/1065/197/1065_IJ2451-98548197_11_2025080510082404140.jpg', 'https://fotos.imghs.net/fchm-wp/1065/197/1065_IJ2451-98548197_12_2025080510082404141.jpg', 'https://fotos.imghs.net/fchm-wp/1065/197/1065_IJ2451-98548197_13_2025080510082404141.jpg', 'https://fotos.imghs.net/fchm-wp/1065/197/1065_IJ2451-98548197_14_2025080510082404142.jpg', 'https://fotos.imghs.net/fchm-wp/1065/197/1065_IJ2451-98548197_15_2025080510082404142.jpg', 'https://fotos.imghs.net/fchm-wp/1065/197/1065_IJ2451-98548197_16_2025080510082404143.jpg', 'https://fotos.imghs.net/fchm-wp/1065/197/1065_IJ2451-98548197_17_2025080510082404143.jpg', 'https://fotos.imghs.net/fchm-wp/1065/197/1065_IJ2451-98548197_18_2025080510082404143.jpg', 'https://fotos.imghs.net/fchm-wp/1065/197/1065_IJ2451-98548197_19_2025080510082404144.jpg', 'https://fotos.imghs.net/fchm-wp/1065/197/1065_IJ2451-98548197_20_2025080510082404144.jpg', 'https://fotos.imghs.net/fchm-wp/1065/197/1065_IJ2451-98548197_21_2025080510082404145.jpg', 'https://fotos.imghs.net/fchm-wp/1065/197/1065_IJ2451-98548197_22_2025080510082404145.jpg', 'https://fotos.imghs.net/fchm-wp/1065/197/1065_IJ2451-98548197_23_2025080510082404146.jpg', 'https://fotos.imghs.net/fchm-wp/1065/197/1065_IJ2451-98548197_24_2025080510082404146.jpg', 'https://fotos.imghs.net/fchm-wp/1065/197/1065_IJ2451-98548197_25_2025080510082404146.jpg', 'https://fotos.imghs.net/fchm-wp/1065/197/1065_IJ2451-98548197_26_2025080510082404147.jpg', 'https://fotos.imghs.net/fchm-wp/1065/197/1065_IJ2451-98548197_27_2025080510082404147.jpg', 'https://fotos.imghs.net/fchm-wp/1065/197/1065_IJ2451-98548197_28_2025080510082404148.jpg', 'https://fotos.imghs.net/fchm-wp/1065/197/1065_IJ2451-98548197_29_2025080510082404148.jpg', 'https://fotos.imghs.net/fchm-wp/1065/197/1065_IJ2451-98548197_30_2025080510082404149.jpg', 'https://fotos.imghs.net/fchm-wp/1065/197/1065_IJ2451-98548197_31_2025080510082404149.jpg', 'https://fotos.imghs.net/fchm-wp/1065/197/1065_IJ2451-98548197_32_2025080510082404149.jpg', 'https://fotos.imghs.net/fchm-wp/530926/56689925727.106500/530926_56689925727_1_20250825143453990.jpg', 'https://pisos-classifieds-ui-production.pisos.com/thumbnails/brightcove/get?fileId=6377348859112']",1,"{'Superficie útil': '134 m²', 'Referencia': '104806557-104806557'}",Aire acondicionado,"¡No te pierdas esta oportunidad única de adquirir un piso en venta en la prestigiosa Avenida Diagonal! Este magnífico inmueble cuenta con una superficie de 134m2 en la quinta planta de una finca señorial del año 1955, que ha sido completamente rehabilitada con acabados de gran calidad y elegancia.","['piso', 'oportunidad']"
16,16,https://www.pisos.com/comprar/piso-el_baix_guinardo08025-5083511764_109700/,Piso en venta en El Baix Guinardó,Piso,590000.0,96.0,2.0,1.0,,,,,,A estrenar,1,0,0,0,El Baix Guinardó,Horta-Guinardó,Barcelona,Barcelona,venta en El Baix Guinardó,8025.0,16/07/2025,,"['https://fotos.imghs.net/fchm-wp/1097/704/fabb48a5-3fc5-4c08-928f-634688982c1b_20250102110208264.jpeg', 'https://fotos.imghs.net/fchm-wp/1097/704/33da22b8-94c0-4027-a1c0-e93f7535d4f6_20250102110208214.jpeg', 'https://fotos.imghs.net/fchm-wp/1097/704/e3167dd0-a0ec-4049-82cf-d8e568e37937_20250102110208340.jpeg', 'https://fotos.imghs.net/fchm-wp/1097/704/57a8da1a-e0c5-4682-ba54-6ee9107dad57_20250102110208542.jpeg', 'https://fotos.imghs.net/fchm-wp/1097/704/babc906e-fbf2-47dc-8cf9-a4d86dbad420_20250102110208546.jpeg', 'https://fotos.imghs.net/fchm-wp/1097/704/858de4af-56c1-44c3-bb5a-6f296ccff92b_20250102110208577.jpeg', 'https://fotos.imghs.net/fchm-wp/1097/704/60e6fc00-5d8f-4995-9577-a4b49ef8e1f4_20250102110208683.jpeg', 'https://fotos.imghs.net/fchm-wp/1097/704/8e7af6be-13d6-40bc-ba00-ecd79452a784_20250102110208777.jpeg', 'https://fotos.imghs.net/fchm-wp/1097/704/78fd82ee-e694-4272-80bb-c7d5adc28417_20250102110208780.jpeg', 'https://fotos.imghs.net/fchm-wp/1097/704/da927896-8c6a-43e5-b758-01432492f6b6_20250102110208843.jpeg', 'https://fotos.imghs.net/fchm-wp/1097/514/a896bd5d-96cb-4089-9b9b-99822adb5fc3_20250102102044190.jpeg', 'https://fotos.imghs.net/fchm-wp/1097/514/c7eae22e-a43a-4904-b170-02c7f357ddce_20250102102044471.jpeg', 'https://fotos.imghs.net/fchm-wp/1097/514/8ebaa800-c0d8-42b6-be83-09aa2fd8ba0f_20250102102033561.jpeg', 'https://fotos.imghs.net/fchm-wp/1097/514/ec99e363-ce99-4921-9570-8454380779a2_20250102102043536.jpeg', 'https://fotos.imghs.net/fchm-wp/1097/514/f3b0481a-4dcf-485f-aecd-2318eb60af85_20250102102035593.jpeg', 'https://fotos.imghs.net/fchm-wp/1097/514/7c252b97-8a4f-40c5-b453-857ee814a9eb_20250102102044348.jpeg', 'https://fotos.imghs.net/fchm-wp/1097/514/772614ef-9d21-4b01-894d-e7b27d19cd72_20250102102036484.jpeg', 'https://fotos.imghs.net/fchm-wp/1097/514/f1ed2762-73fc-4641-83a7-779e1826bc8a_20250102102043971.jpeg', 'https://fotos.imghs.net/fchm-wp/1097/514/aaa56c9c-2757-45e8-b423-e03e9b06aa13_20250102102044005.jpeg', 'https://fotos.imghs.net/fchm-wp/1097/514/122e4317-d010-438f-aa3b-c30862290af6_20250102102035796.jpeg', 'https://fotos.imghs.net/fchm-wp/1097/514/a731c623-2573-4d9c-ad42-455cda6076ad_20250102102044315.jpeg', 'https://fotos.imghs.net/fchm-wp/1097/514/fb54b911-0f62-475e-a39b-5db66bac238e_20250102102042989.jpeg', 'https://fotos.imghs.net/fchm-wp/1097/514/e18a557c-3714-4906-9a6f-cf0662e46197_20250102102044049.jpeg', 'https://fotos.imghs.net/fchm-wp/1097/514/12147002-1a65-45da-bf04-fc3496b9be9f_20250102102039206.jpeg', 'https://fotos.imghs.net/fchm-wp/1097/514/ebc0c7d3-b330-4e2e-993e-d38747251699_20250102102043252.jpeg', 'https://fotos.imghs.net/fchm-wp/1097/514/efdf54b6-ac95-46c8-b87e-83567048a1e6_20250102102034765.jpeg', 'https://fotos.imghs.net/fchm-wp/1097/514/43ae4fa5-dbd2-49e9-ab02-39c7f45e8edb_20250102102034971.jpeg', 'https://fotos.imghs.net/fchm-wp/1097/514/462e8d97-96ba-43a9-b3f3-b54de45b6758_20250102102044505.jpeg', 'https://fotos.imghs.net/fchm-wp/1097/514/3eb4f9fd-da48-48bf-a156-cbf19966e22b_20250102102034906.jpeg', 'https://fotos.imghs.net/fchm-wp/1097/514/24ec2d14-2bc8-4397-b1f0-d557192aa509_20250102102035706.jpeg', 'https://fotos.imghs.net/fchm-wp/1097/514/d114a6e2-a293-4a0c-a6fb-bdbe9bac6ac2_20250102102040611.jpeg', 'https://fotos.imghs.net/fchm-wp/1097/514/91a0c200-85bc-44ad-99b9-20d3a7f8549d_20250102102036097.jpeg', 'https://fotos.imghs.net/fchm-wp/1097/514/755abe16-e9e2-4ad3-a6ec-cec86351e97c_20250102102044223.jpeg', 'https://fotos.imghs.net/fchm-wp/1097/514/97c9ae78-171d-40b9-a01e-348ad97b1f0c_20250102102035156.jpeg', 'https://fotos.imghs.net/fchm-wp/1097/514/c9b93e30-64fd-4fa0-b282-3a0a3071c7fa_20250102102044377.jpeg', 'https://fotos.imghs.net/fchm-wp/1097/514/3f65d88d-3b55-4a26-9195-639239892401_20250102102033612.jpeg', 'https://fotos.imghs.net/fchm-wp/1097/514/e4a42c45-0209-4efd-9fc3-40c45564b9a7_20250102102033608.jpeg', 'https://fotos.imghs.net/fchm-wp/1097/514/fb146fbd-3b0d-48f0-bf68-4ae265399d72_20250102102044458.jpeg', 'https://fotos.imghs.net/fchm-wp/1097/514/0f546c4d-d39e-4fed-9f86-ab5985d58eab_20250102102043801.jpeg', 'https://fotos.imghs.net/fchm-wp/1097/514/ae9c7e2b-d888-4b49-8915-5436124e73be_20250102102044596.jpeg', 'https://fotos.imghs.net/fchm-wp/1097/514/05e6cec5-db16-4c41-bd65-ee0541c1d5c5_20250102102044177.jpeg', 'https://fotos.imghs.net/fchm-wp/1097/514/7c008e48-b2e8-45bc-8600-89b3b67fec1b_20250102102043674.jpeg', 'https://fotos.imghs.net/fchm-wp/1097/514/7776ae89-a9dd-45c9-9d28-a7c9e3fc66f7_20250102102035406.jpeg', 'https://fotos.imghs.net/fchm-wp/1097/514/8b0426a2-3943-4b68-887c-b7cca9b06aca_20250102102035487.jpeg', 'https://fotos.imghs.net/fchm-wp/1097/514/8e1d0d54-7f34-4591-b3f7-88a61b514361_20250102102034268.jpeg', 'https://fotos.imghs.net/fchm-wp/1097/514/46f2fd05-72b6-4b12-963d-bd55a82d8de6_20250102102035300.jpeg', 'https://fotos.imghs.net/fchm-wp/1097/514/48176a7f-68cf-4a26-9d4d-a9a91780f6f0_20250102102035065.jpeg', 'https://fotos.imghs.net/fchm-wp/1097/704/d12be5e5-1bf6-4349-9202-daebf815c22b_20250102110214719.jpeg', 'https://fotos.imghs.net/fchm-wp/1097/704/ba4531f5-b71f-44fa-9096-b230f41acea5_20250102110214719.jpeg', 'https://fotos.imghs.net/fchm-wp/1097/704/8cd848ed-0d73-4948-946f-e39623f60376_20250102110214716.jpeg']",1,{'Referencia': 'D-000LKN'},Terraza,"Este piso, dúplex, está situado en la planta baja de un edificio de obra nueva de cinco plantas, esquinero. Esta vivienda tiene orientación sureste, con muchas horas de luz. Destaca por su diseño moderno y funcional, con ventanales que llenan de abundante luz natural todas las estancias . Al entrar se accede a un recibidor y se abre el espacio para entrar a salon-comedor, con la cocina abierta integrada , un espacio diáfano y bien distribuido que combina comodidad y estilo, ideal para el dia a dia y perfectamente adaptable para trabajar desde casa. En la misma planta, separada por una puerta corredera , la zona de noche con dos habitaciones con armarios empotrados, una doble y una individual y un baño completo compartido.","['piso', 'dúplex', 'casa', 'vivienda', 'moderno', 'funcional', 'diáfano', 'habitaciones', 'baño', 'comedor', 'cocina', 'armarios empotrados']"
17,17,https://www.pisos.com/comprar/piso-pedralbes08034-55835901660_519066/,Piso en venta en Carrer de Sor Eulàlia d'Anzizu,Piso,670000.0,135.0,5.0,2.0,Más de 50 años,Frío y calor,,2,1ª,A estrenar,0,1,0,1,Pedralbes,Les Corts,Barcelona,Barcelona,venta en Carrer de Sor Eulàlia d'Anzizu,8034.0,20/09/2025,"{'Consumo': 'e', 'Emisiones': 'e'}","['https://fotos.imghs.net/fchm-wp/519066/55835901660.519066/519066_55835901660_ccb15f2f-2ef2-4509-b4f7-a2103c2d49d2.jpg', 'https://fotos.imghs.net/fchm-wp/519066/55835901660.519066/519066_55835901660_6294d616-e155-48df-9be4-254c16262a3e.jpg', 'https://fotos.imghs.net/fchm-wp/519066/55835901660.519066/519066_55835901660_8b7569f9-6116-46fc-a181-7a0db61a41d2.jpg', 'https://fotos.imghs.net/fchm-wp/519066/55835901660.519066/519066_55835901660_63a6f05d-4d45-43cf-aa9b-e62e4e4baea6.jpg', 'https://fotos.imghs.net/fchm-wp/519066/55835901660.519066/519066_55835901660_6c3dff3d-8cce-42d9-ab18-eef422fdfe6c.jpg', 'https://fotos.imghs.net/fchm-wp/519066/55835901660.519066/519066_55835901660_5881ee17-ab13-4e37-834e-116de6c8f165.jpg', 'https://fotos.imghs.net/fchm-wp/519066/55835901660.519066/519066_55835901660_ccda9a8f-7049-462c-a8c9-77d0c217ba60.jpg', 'https://fotos.imghs.net/fchm-wp/519066/55835901660.519066/519066_55835901660_ed448e49-b974-44c4-b8ea-9639d4dd7d44.jpg', 'https://fotos.imghs.net/fchm-wp/519066/55835901660.519066/519066_55835901660_733d90e4-760d-4589-baeb-1337c212f28f.jpg', 'https://fotos.imghs.net/fchm-wp/519066/55835901660.519066/519066_55835901660_2525e411-f8a4-4bc1-b014-bdda965f98e1.jpg', 'https://fotos.imghs.net/fchm-wp/519066/55835901660.519066/519066_55835901660_c16178ad-883f-4cb5-88a6-e91553eb51a6.jpg', 'https://fotos.imghs.net/fchm-wp/519066/55835901660.519066/519066_55835901660_fdc7c60b-41f1-4d6c-971a-0c108c580e89.jpg', 'https://fotos.imghs.net/fchm-wp/519066/55835901660.519066/519066_55835901660_70101f8e-c4e4-4c47-9ed9-e8a09eddd96f.jpg', 'https://fotos.imghs.net/fchm-wp/519066/55835901660.519066/519066_55835901660_b7536dbd-6fa8-4eaa-bc94-3e4789c61f90.jpg', 'https://fotos.imghs.net/fchm-wp/519066/55835901660.519066/519066_55835901660_0834befa-86c7-43e6-a3ee-05d95033299c.jpg', 'https://fotos.imghs.net/fchm-wp/519066/55835901660.519066/519066_55835901660_63606ab5-9dec-4e25-9647-1cc2ad816395.jpg', 'https://fotos.imghs.net/fchm-wp/519066/55835901660.519066/519066_55835901660_56f21b75-5efa-4891-93a5-862fe870526d.jpg', 'https://fotos.imghs.net/fchm-wp/519066/55835901660.519066/519066_55835901660_c07b6b6f-ba40-4a6d-b572-399eae90de0d.jpg', 'https://fotos.imghs.net/fchm-wp/519066/55835901660.519066/519066_55835901660_2c0b087b-bed5-495e-916f-e41db2e380eb.jpg', 'https://fotos.imghs.net/fchm-wp/519066/55835901660.519066/519066_55835901660_bc796d66-404b-4aa9-9d8b-46aa567f68f4.jpg', 'https://fotos.imghs.net/fchm-wp/519066/55835901660.519066/519066_55835901660_b2713d7f-52c1-46a9-9f4f-41feab5c0633.jpg', 'https://fotos.imghs.net/fchm-wp/519066/55835901660.519066/519066_55835901660_8f55d09e-97cb-477a-8a4f-b680a73417f6.jpg', 'https://fotos.imghs.net/fchm-wp/519066/55835901660.519066/519066_55835901660_83c795cc-ba85-4cfd-9041-269a612d3861.jpg', 'https://fotos.imghs.net/fchm-wp/519066/55835901660.519066/519066_55835901660_88d5272c-47b2-4c43-a7e8-1dee35f7fb20.jpg', 'https://fotos.imghs.net/fchm-wp/519066/55835901660.519066/519066_55835901660_e0e3184f-3cd9-49db-80fe-d818959ca6ce.jpg', 'https://fotos.imghs.net/fchm-wp/519066/55835901660.519066/519066_55835901660_fdac17d6-9c50-4b28-abc0-1f76c770f09c.jpg', 'https://fotos.imghs.net/fchm-wp/519066/55835901660.519066/519066_55835901660_bcf1adab-a8d9-479f-bf01-e787ab388f82.jpg', 'https://fotos.imghs.net/fchm-wp/519066/55835901660.519066/519066_55835901660_d34f666a-b145-4c15-9ece-293bf6b6e83d.jpg', 'https://fotos.imghs.net/fchm-wp/519066/55835901660.519066/519066_55835901660_b2bb4368-830b-46c9-aa56-a570fc53a4bc.jpg', 'https://fotos.imghs.net/fchm-wp/519066/55835901660.519066/519066_55835901660_237f07e4-cb8b-4025-a4bb-c7056b9840cf.jpg', 'https://fotos.imghs.net/fchm-wp/519066/55835901660.519066/519066_55835901660_0a2e352b-f72d-4538-8551-3fafb3b8d648.jpg', 'https://fotos.imghs.net/fchm-wp/519066/55835901660.519066/519066_55835901660_ccff61ff-a5ed-4a80-bd7c-276cc11d2e16.jpg']",1,"{'Superficie útil': '104 m²', 'Gastos de comunidad': 'Entre 80 y 100 €', 'Referencia': '292417', 'Calefacción': 'Gas natural', 'Jardín': 'Comunitario', 'Orientación': 'Sureste'}",,"JUNTO CUARTEL DEL BRUCH E INSTITUTO PEDRALBES. Te presentamos un magnífico piso de 135 m², perfecto para disfrutar de la comodidad y el estilo de vida en una de las zonas más exclusivas de Barcelona. Este inmueble, reformado con un gusto excepcional, cuenta con una orientación que maximiza la luz natural, permitiendo que cada rincón del hogar brille con su propio carácter. La propiedad dispone de cinco habitaciones de las cuales cuatro dobles, todas exteriores, asegurando así luminosidad y vistas agradables. Dos de estas habitaciones están equipadas con armarios empotrados, complementando la funcionalidad del espacio, y una de ellas tiene acceso a un balcón, perfecto para disfrutar de un café por la mañana. Además, incluye una habitación simple exterior, ideal para utilizar como oficina o habitación de invitados.","['piso', 'reformado', 'reforma', 'exterior', 'funcional', 'habitaciones', 'balcón', 'armarios empotrados', 'vistas']"
18,18,https://www.pisos.com/comprar/piso-sant_pere_santa_caterina_la_ribera08003-5081207632_109700/,Piso en venta en Sant Pere-Santa Caterina-La Ribera,Piso,414750.0,67.0,2.0,1.0,,Frío y calor,,,,A estrenar,1,0,0,0,Sant Pere-Santa Caterina-La Ribera,Ciutat Vella,Barcelona,Barcelona,venta en Sant Pere-Santa Caterina-La Ribera,8003.0,27/02/2025,"{'Consumo': 'c', 'Emisiones': 'c'}","['https://fotos.imghs.net/fchm-wp/1097/669/28c4b1fc-655b-49c9-9b40-bfc5a306deab_20250227171434745.jpeg', 'https://fotos.imghs.net/fchm-wp/1097/669/49d19c12-875b-4f95-8d61-ec1c6475be85_20250227171435148.jpeg', 'https://fotos.imghs.net/fchm-wp/1097/669/6bc3e5a4-ad35-4255-8de8-e356fdd8e00a_20250227171435135.jpeg', 'https://fotos.imghs.net/fchm-wp/1097/669/e66159df-b0d5-4498-8532-87209f6ea1c7_20250227171435007.jpeg', 'https://fotos.imghs.net/fchm-wp/1097/669/d859efc3-6945-4fda-913d-a318823cacb4_20250227171435323.jpeg', 'https://fotos.imghs.net/fchm-wp/1097/669/4403cd0e-7efb-4c63-8dd2-8ddfc931cde4_20250227171435367.jpeg', 'https://fotos.imghs.net/fchm-wp/1097/669/fa34eeca-f5ec-4dcd-a7f5-7766697f6212_20250227171435401.jpeg', 'https://fotos.imghs.net/fchm-wp/1097/669/ac39c384-6191-442c-a11a-94b227bf0d68_20250227171435460.jpeg', 'https://fotos.imghs.net/fchm-wp/1097/669/67adda57-92d1-47d8-a1ba-971373a9f199_20250227171435510.jpeg', 'https://fotos.imghs.net/fchm-wp/1097/669/818db169-5758-46a7-aab0-981daec4bb04_20250227171435651.jpeg', 'https://fotos.imghs.net/fchm-wp/1097/669/f1b997a5-ae3b-469c-b701-1ba3cf92f8d2_20250227171435632.jpeg', 'https://fotos.imghs.net/fchm-wp/1097/669/106834a7-eb36-4fcc-aeea-a20cf5788c61_20250227171435664.jpeg', 'https://fotos.imghs.net/fchm-wp/1097/669/408f70e0-0337-4760-bb9c-02c1c10d32f9_20250227171435792.jpeg', 'https://fotos.imghs.net/fchm-wp/1097/669/fa87e2bb-a412-4f43-8a86-c13ebe333e8c_20250227171435820.jpeg', 'https://fotos.imghs.net/fchm-wp/1097/669/c6ce5c1b-3219-44ac-8aa4-bf12ca453ddf_20250227171435948.jpeg', 'https://fotos.imghs.net/fchm-wp/1097/669/3b6af43d-a8af-4ab2-886e-e5095da9d79f_20250227171436010.jpeg', 'https://fotos.imghs.net/fchm-wp/1097/669/6bf98785-cc1b-4320-90b5-a913198d4bc4_20250227171436133.jpeg', 'https://fotos.imghs.net/fchm-wp/1097/669/3afa7e22-baa7-47de-8dfb-a8bb9b5135ad_20250227171436182.jpeg', 'https://fotos.imghs.net/fchm-wp/1097/669/c1d5cf3f-2a9d-49a2-9e1a-cacaa7a8aef5_20250227171436351.jpeg', 'https://fotos.imghs.net/fchm-wp/1097/669/00dd7738-9985-4539-8195-6897e0436e4b_20250227171436304.jpeg', 'https://fotos.imghs.net/fchm-wp/1097/669/4625b985-4299-4306-a4a5-e8dabbc7c5d7_20250227171436511.jpeg', 'https://fotos.imghs.net/fchm-wp/1097/669/a5459f13-9393-453d-a9f0-b4f76ac0e2f1_20250227171436542.jpeg', 'https://fotos.imghs.net/fchm-wp/1097/669/27ee44b2-0cb8-4b6a-aa64-ddcbfc24124a_20250227171436523.jpeg', 'https://fotos.imghs.net/fchm-wp/1097/669/cd78a024-95d6-4418-b771-68d8930f2c3c_20250227171436648.jpeg', 'https://fotos.imghs.net/fchm-wp/1097/669/2d275b23-06e9-4eb3-a01b-0a6545230d86_20250227171436714.jpeg', 'https://fotos.imghs.net/fchm-wp/1097/669/e583fec6-1702-47f6-aeb8-0c495e47aaf5_20250227171436758.jpeg', 'https://fotos.imghs.net/fchm-wp/1097/669/2bb24a1c-7b59-473d-ad90-54436a996048_20250227171434651.jpeg', '//img.youtube.com/vi/lzMmBXVyGcs/0.jpg']",1,{'Referencia': 'D-000LU7'},"Cocina equipada, Adaptado a personas con movilidad reducida, Terraza, Aerotermia",Edificio de 1850 en el que se está rehabilitando todo el edificio y sus 8 viviendas. Edificio con ascensor.,"['vivienda', 'ascensor']"
19,19,https://www.pisos.com/comprar/piso-sant_andreu_barrio08030-5795539568_109700/,"Piso en venta en Calle Palomar Con C/ Fernando Pessoa, S/N",Piso,373000.0,58.0,2.0,1.0,,,,,7ª,A estrenar,1,0,0,0,Sant Andreu,Sant Andreu,Barcelona,Barcelona,"Calle Palomar Con C/ Fernando Pessoa, S/N",8030.0,16/09/2025,,"['https://fotos.imghs.net/fchm-wp/1097/388/e831f516-fb01-445c-9100-c6cd5fa99e24_20250728111913493.jpg', 'https://fotos.imghs.net/fchm-wp/1097/388/b966c636-40b5-4187-9f1b-52ffbf44a8a5_20250728111913321.jpg', 'https://fotos.imghs.net/fchm-wp/1097/388/51f73293-ebe4-466b-b35f-13d8bb528a4d_20250728111913435.jpg', 'https://fotos.imghs.net/fchm-wp/1097/388/cc8cfbb7-65f1-4484-9a71-ab26f4273c77_20250728111912434.jpg', 'https://fotos.imghs.net/fchm-wp/1097/388/ce02cda0-fafc-46c4-8832-005f4f47c2b3_20250728111913591.jpg', 'https://fotos.imghs.net/fchm-wp/1097/388/582d450b-3892-4cab-8856-405bb087503e_20250728111912430.jpg', 'https://fotos.imghs.net/fchm-wp/1097/388/0137cf19-6946-49ca-8604-7ffca4e1365c_20250728111912430.jpg', '//img.youtube.com/vi/fGCvMPmR9lc/0.jpg', '//img.youtube.com/vi/dcWlUWw-6IM/0.jpg']",1,{'Referencia': '22461726'},"Balcón, Zona comunitaria, Instalaciones deportivas, Piscina, Sala comunitaria","ESC C 6º 7ª. VI 141 103 006 007. Piso en un inmueble de obra nueva de 58 m2 de superficie construida y situado en la zona de Barcelona Capital, acomodado en planta 7. Está estructurado en 2 habitaciones, 1 baño completo y balcón de 10,84 m2. Aporta como extras ascensor.","['piso', 'habitaciones', 'baño', 'balcón', 'ascensor']"
20,20,https://www.pisos.com/comprar/loft-el_raval08001-4925390792_109700/,Loft en venta en El Raval,Loft,480000.0,77.0,1.0,1.0,,,,,,A estrenar,0,0,0,0,El Raval,Ciutat Vella,Barcelona,Barcelona,venta en El Raval,8001.0,04/12/2024,"{'Consumo': 'c', 'Emisiones': 'c'}","['https://fotos.imghs.net/fchm-wp/1097/674/b8b056a2-225d-4096-9772-be0277b9be76_20241023135957132.jpg', 'https://fotos.imghs.net/fchm-wp/1097/674/ddd3fa82-c764-4a1d-87ce-ff3338e6f2a3_20241023135957445.jpg', 'https://fotos.imghs.net/fchm-wp/1097/674/85a1ab13-7686-4f76-bbff-14071b1032e7_20241023135957616.jpg', 'https://fotos.imghs.net/fchm-wp/1097/674/223d1d41-32ef-4ccb-b330-6cf5223361b7_20241023135957689.jpg', 'https://fotos.imghs.net/fchm-wp/1097/674/c0302075-8799-4bd3-8515-f577e201df39_20241023135957836.jpg', 'https://fotos.imghs.net/fchm-wp/1097/674/b695d3ca-87cb-4dab-a323-39b8d386e668_20241023135957899.jpg', 'https://fotos.imghs.net/fchm-wp/1097/674/d3b5836e-9d3b-4fc7-800b-4aa64caea616_20241023135957899.jpg', 'https://fotos.imghs.net/fchm-wp/1097/674/3206eea4-8900-49ba-a250-9cadc17885ac_20241023135958039.jpg', 'https://fotos.imghs.net/fchm-wp/1097/674/c46079a0-deaf-4ef7-9986-53d42d928cac_20241023135958133.jpg', 'https://fotos.imghs.net/fchm-wp/1097/674/71e9c6f6-522d-49ef-aeca-47635f8a0a1e_20241023135958164.jpg', 'https://fotos.imghs.net/fchm-wp/1097/674/cdf1e232-65ad-4887-99d9-982514b494db_20241023135958242.jpg', 'https://fotos.imghs.net/fchm-wp/1097/674/6ce97f07-2382-4f58-a13e-3f797fde84cd_20241023135958352.jpg', 'https://fotos.imghs.net/fchm-wp/1097/674/94cf672b-135e-476b-97da-cacf6cb49578_20241023135958367.jpg', 'https://fotos.imghs.net/fchm-wp/1097/674/db5f1609-9854-4641-b165-647ac2821dfa_20241023135958447.jpg', 'https://fotos.imghs.net/fchm-wp/1097/674/11313101-6529-4d7a-bea1-3e7d46134863_20241023135958558.jpg', 'https://fotos.imghs.net/fchm-wp/1097/674/086f47ca-0d50-494b-b46a-7355133d9987_20241023135958588.jpg', 'https://fotos.imghs.net/fchm-wp/1097/674/b4d7c43a-9b73-4981-9c7d-6665bfd37c08_20241023135958664.jpg', 'https://fotos.imghs.net/fchm-wp/1097/674/e8e27eff-9f04-4c17-b1d1-41068aab4834_20241023135958757.jpg', 'https://fotos.imghs.net/fchm-wp/1097/674/bd9996fc-1e88-400b-abc1-fdb5d8d2aabb_20241023135958820.jpg', 'https://fotos.imghs.net/fchm-wp/1097/674/14e32615-fa5a-4799-b742-d2e465de24ae_20241023135958882.jpg', 'https://fotos.imghs.net/fchm-wp/1097/674/c119bc41-d3a5-4ef3-8b1c-1ebe3ff0f752_20241023135958961.jpg', 'https://fotos.imghs.net/fchm-wp/1097/674/6d4f36f5-344e-44c1-a5ce-108ca2bcb4fd_20241023135959542.jpg', 'https://fotos.imghs.net/fchm-wp/1097/674/6d0f7745-ad26-4464-bff3-5cdb37cb524b_20241023135959244.jpg', 'https://fotos.imghs.net/fchm-wp/1097/674/18142dcf-c41d-44a4-ad04-03c93190b23f_20241023135959054.jpg', 'https://fotos.imghs.net/fchm-wp/1097/674/9f01308b-0ccf-4517-bfc5-09b2e61fa4f8_20241023135959104.jpg']",1,{'Referencia': 'D-000F2T'},Terraza,"Loft de diseño de un dormitorio y un baño que da a calle (Oeste). Tiene una escalera a un altillo de 15 m2 y a un solarium privado de 25,60 m2. Pertenece a la rehabilitación integral de una antigua Fábrica Textil de 1833 llevado a cabo por un reconocido despacho de arquitectura.","['loft', 'baño']"